uniprot_pos,pdb_resnum,offset
28,4,24
29,5,24
30,6,24
31,7,24
32,8,24
33,9,24
34,10,24
35,11,24
36,12,24
37,13,24
38,14,24
39,15,24
40,16,24
41,17,24
42,18,24
43,19,24
44,20,24
45,21,24
46,22,24
47,23,24
48,24,24
49,25,24
50,26,24
51,27,24
52,28,24
53,29,24
54,30,24
55,31,24
56,32,24
57,33,24
58,34,24
59,35,24
60,36,24
61,37,24
62,38,24
63,39,24
64,40,24
65,41,24
66,42,24
67,43,24
68,44,24
69,45,24
70,46,24
71,47,24
72,48,24
73,49,24
74,50,24
75,51,24
76,52,24
77,53,24
78,54,24
79,55,24
80,56,24
81,57,24
82,58,24
83,59,24
84,60,24
85,61,24
86,62,24
87,63,24
88,64,24
89,65,24
90,66,24
91,67,24
92,68,24
93,69,24
94,70,24
95,71,24
96,72,24
97,73,24
98,74,24
99,75,24
100,76,24
101,77,24
102,78,24
103,79,24
104,80,24
105,81,24
106,82,24
107,83,24
108,84,24
109,85,24
110,86,24
111,87,24
112,88,24
113,89,24
114,90,24
115,91,24
116,92,24
117,93,24
118,94,24
119,95,24
120,96,24
121,97,24
122,98,24
123,99,24
124,100,24
125,101,24
126,102,24
127,103,24
128,104,24
129,105,24
130,106,24
131,107,24
132,108,24
133,109,24
134,110,24
135,111,24
136,112,24
137,113,24
138,114,24
139,115,24
140,116,24
141,117,24
142,118,24
143,119,24
144,120,24
145,121,24
146,122,24
147,123,24
148,124,24
149,125,24
150,126,24
151,127,24
152,128,24
153,129,24
154,130,24
155,131,24
156,132,24
157,133,24
158,134,24
159,135,24
160,136,24
161,137,24
162,138,24
163,139,24
164,140,24
165,141,24
166,142,24
167,143,24
168,144,24
169,145,24
170,146,24
171,147,24
172,148,24
173,149,24
174,150,24
175,151,24
176,152,24
177,153,24
178,154,24
179,155,24
180,156,24
181,157,24
182,158,24
183,159,24
184,160,24
185,161,24
186,162,24
187,163,24
188,164,24
189,165,24
190,166,24
191,167,24
192,168,24
193,169,24
194,170,24
195,171,24
196,172,24
197,173,24
198,174,24
199,175,24
200,176,24
201,177,24
202,178,24
203,179,24
204,180,24
205,181,24
206,182,24
207,183,24
208,184,24
209,185,24
210,186,24
211,187,24
212,188,24
213,189,24
214,190,24
215,191,24
216,192,24
217,193,24
218,194,24
219,195,24
220,196,24
221,197,24
222,198,24
223,199,24
224,200,24
225,201,24
226,202,24
227,203,24
228,204,24
229,205,24
230,206,24
231,207,24
232,208,24
233,209,24
234,210,24
235,211,24
236,212,24
237,213,24
238,214,24
239,215,24
240,216,24
241,217,24
242,218,24
243,219,24
244,220,24
245,221,24
246,222,24
247,223,24
248,224,24
249,225,24
250,226,24
251,227,24
252,228,24
253,229,24
254,230,24
255,231,24
256,232,24
257,233,24
258,234,24
259,235,24
260,236,24
261,237,24
262,238,24
263,239,24
264,240,24
265,241,24
266,242,24
267,243,24
268,244,24
269,245,24
270,246,24
271,247,24
272,248,24
273,249,24
274,250,24
275,251,24
276,252,24
277,253,24
278,254,24
279,255,24
280,256,24
281,257,24
282,258,24
283,259,24
284,260,24
285,261,24
286,262,24
287,263,24
288,264,24
289,265,24
290,266,24
291,267,24
292,268,24
293,269,24
294,270,24
295,271,24
296,272,24
297,273,24
298,274,24
299,275,24
300,276,24
301,277,24
302,278,24
303,279,24
304,280,24
305,281,24
306,282,24
307,283,24
308,284,24
309,285,24
310,286,24
311,287,24
312,288,24
313,289,24
314,290,24
315,291,24
316,292,24
317,293,24
318,294,24
319,295,24
320,296,24
321,297,24
322,298,24
323,299,24
324,300,24
325,301,24
326,302,24
327,303,24
328,304,24
329,305,24
330,306,24
331,307,24
332,308,24
333,309,24
334,310,24
335,311,24
336,312,24
337,313,24
338,314,24
339,315,24
340,316,24
341,317,24
342,318,24
343,319,24
344,320,24
345,321,24
346,322,24
347,323,24
348,324,24
349,325,24
350,326,24
351,327,24
352,328,24
353,329,24
354,330,24
355,331,24
356,332,24
357,333,24
358,334,24
359,335,24
360,336,24
361,337,24
362,338,24
363,339,24
364,340,24
365,341,24
366,342,24
367,343,24
368,344,24
369,345,24
370,346,24
371,347,24
372,348,24
373,349,24
374,350,24
375,351,24
376,352,24
377,353,24
378,354,24
379,355,24
380,356,24
381,357,24
382,358,24
383,359,24
384,360,24
385,361,24
386,362,24
387,363,24
388,364,24
389,365,24
390,366,24
391,367,24
392,368,24
393,369,24
394,370,24
395,371,24
396,372,24
397,373,24
398,374,24
399,375,24
400,376,24
401,377,24
402,378,24
403,379,24
404,380,24
405,381,24
406,382,24
407,383,24
408,384,24
409,385,24
410,386,24
411,387,24
412,388,24
413,389,24
414,390,24
415,391,24
416,392,24
417,393,24
418,394,24
419,395,24
420,396,24
421,397,24
422,398,24
423,399,24
424,400,24
425,401,24
426,402,24
427,403,24
428,404,24
429,405,24
430,406,24
431,407,24
432,408,24
433,409,24
434,410,24
435,411,24
436,412,24
437,413,24
438,414,24
439,415,24
440,416,24
441,417,24
442,418,24
443,419,24
444,420,24
445,421,24
446,422,24
447,423,24
448,424,24
449,425,24
450,426,24
451,427,24
452,428,24
453,429,24
454,430,24
455,431,24
456,432,24
457,433,24
458,434,24
459,435,24
460,436,24
461,437,24
462,438,24
463,439,24
464,440,24
465,441,24
466,442,24
467,443,24
468,444,24
469,445,24
470,446,24
471,447,24
472,448,24
473,449,24
474,450,24
475,451,24
476,452,24
477,453,24
478,454,24
479,455,24
480,456,24
481,457,24
482,458,24
483,459,24
484,460,24
485,461,24
486,462,24
487,463,24
488,464,24
489,465,24
490,466,24
491,467,24
492,468,24
493,469,24
494,470,24
495,471,24
496,472,24
497,473,24
498,474,24
499,475,24
500,476,24
501,477,24
502,478,24
503,479,24
504,480,24
505,481,24
506,482,24
507,483,24
508,484,24
509,485,24
510,486,24
511,487,24
512,488,24
513,489,24
514,490,24
515,491,24
516,492,24
517,493,24
518,494,24
519,495,24
520,496,24
521,497,24
522,498,24
523,499,24
524,500,24
525,501,24
526,502,24
527,503,24
528,504,24
529,505,24
530,506,24
531,507,24
532,508,24
533,509,24
534,510,24
535,511,24
536,512,24
537,513,24
538,514,24
539,515,24
540,516,24
541,517,24
542,518,24
543,519,24
544,520,24
545,521,24
546,522,24
547,523,24
548,524,24
549,525,24
550,526,24
551,527,24
552,528,24
553,529,24
554,530,24
555,531,24
556,532,24
557,533,24
558,534,24
559,535,24
560,536,24
561,537,24
562,538,24
563,539,24
564,540,24
565,541,24
566,542,24
567,543,24
568,544,24
569,545,24
570,546,24
571,547,24
572,548,24
573,549,24
574,550,24
575,551,24
576,552,24
577,553,24
578,554,24
579,555,24
580,556,24
581,557,24
582,558,24
583,559,24
584,560,24
585,561,24
586,562,24
587,563,24
588,564,24
589,565,24
590,566,24
591,567,24
592,568,24
593,569,24
594,570,24
595,571,24
596,572,24
597,573,24
598,574,24
599,575,24
600,576,24
601,577,24
602,578,24
603,579,24
604,580,24
605,581,24
606,582,24
607,583,24
608,584,24
609,585,24
610,586,24
611,587,24
612,588,24
613,589,24
614,590,24
615,591,24
616,592,24
617,593,24
618,594,24
619,595,24
620,596,24
621,597,24
622,598,24
623,599,24
624,600,24
625,601,24
626,602,24
627,603,24
628,604,24
629,605,24
630,606,24
631,607,24
632,608,24
633,609,24
634,610,24
635,611,24
636,612,24
