uniprot_pos,pdb_resnum,aa,min_dist_a,fab_chain,egfr_atom,fab_atom,in_epitope,is_anchor,is_species_difference
373,349,P,3.422,C,CB,O,False,False,False
374,350,V,4.470,C,N,O,False,False,False
377,353,R,3.606,C,NH2,O,False,False,True
406,382,L,3.547,C,CD1,OH,False,False,False
408,384,Q,3.435,C,O,ND2,False,False,False
432,408,Q,2.598,C,NE2,OH,True,False,False
433,409,H,3.465,C,ND1,OH,True,True,False
435,411,Q,3.884,C,OE1,CD2,True,False,False
436,412,F,3.855,C,CE2,CE2,True,False,False
439,415,A,4.132,C,CB,CE2,True,False,False
441,417,V,3.589,C,CG2,CD1,True,False,False
442,418,S,3.264,C,OG,ND2,True,False,True
462,438,I,3.446,C,CD1,CB,True,False,False
464,440,S,2.743,C,OG,OH,True,False,False
465,441,G,3.295,C,N,OH,True,False,False
467,443,K,3.386,C,CE,OD1,False,False,True
489,465,K,2.773,C,NZ,OD2,False,False,False
490,466,I,3.916,B,O,ND2,False,False,False
491,467,I,3.053,B,CB,O,False,False,False
492,468,S,2.819,B,N,O,False,False,False
493,469,N,2.703,B,O,N,False,False,False
495,471,G,3.438,B,CA,ND2,False,False,False
496,472,E,4.244,B,N,OD1,False,False,False
497,473,N,3.082,B,CB,OE1,False,False,False
