uniprot_pos,is_anchor,cetuximab_contact,min_dist_a
415,False,False,
416,True,False,
417,False,False,
418,True,False,
419,False,False,
420,False,False,
421,True,False,
422,False,False,
423,False,False,
424,True,False,
425,False,False,
426,False,False,
427,False,False,
428,False,False,
429,False,False,
430,False,False,
431,False,False,
432,False,True,2.598
433,True,True,3.465
434,False,False,
435,False,True,3.884
436,False,True,3.855
437,False,False,
438,False,False,
439,False,True,4.132
440,False,False,
441,False,True,3.589
442,False,True,3.264
443,False,False,
444,False,False,
445,False,False,
446,False,False,
447,False,False,
448,False,False,
449,False,False,
450,False,False,
451,False,False,
452,False,False,
453,False,False,
454,False,False,
455,True,False,
456,False,False,
457,False,False,
458,True,False,
459,False,False,
460,True,False,
461,False,False,
462,False,True,3.446
463,False,False,
464,False,True,2.743
465,False,True,3.295
466,False,False,
