anchor_a,anchor_b,distance_a,scenario
D416,H418,6.408,h418_included_conditional
D416,E421,7.682,h418_included_conditional
D416,E424,17.697,h418_included_conditional
D416,H433,26.077,h418_included_conditional
D416,E455,22.627,h418_included_conditional
D416,D458,26.712,h418_included_conditional
D416,D460,24.552,h418_included_conditional
H418,E421,7.459,h418_included_conditional
H418,E424,18.026,h418_included_conditional
H418,H433,25.173,h418_included_conditional
H418,E455,24.011,h418_included_conditional
H418,D458,27.353,h418_included_conditional
H418,D460,26.184,h418_included_conditional
E421,E424,12.387,h418_included_conditional
E421,H433,28.416,h418_included_conditional
E421,E455,20.191,h418_included_conditional
E421,D458,26.319,h418_included_conditional
E421,D460,26.581,h418_included_conditional
E424,H433,27.655,h418_included_conditional
E424,E455,10.190,h418_included_conditional
E424,D458,19.157,h418_included_conditional
E424,D460,22.822,h418_included_conditional
H433,E455,23.551,h418_included_conditional
H433,D458,15.561,h418_included_conditional
H433,D460,12.182,h418_included_conditional
E455,D458,10.759,h418_included_conditional
E455,D460,15.620,h418_included_conditional
D458,D460,8.314,h418_included_conditional
