uniprot_pos,aa,is_anchor,sasa_open,sasa_closed,rsa_open,rsa_closed,delta_rsa
415,T,False,76.34,78.42,0.4439,0.4559,+0.0121
416,D,True,22.50,33.10,0.1166,0.1715,+0.0549
417,L,False,1.21,0.00,0.0060,0.0000,-0.0060
418,H,True,7.25,44.86,0.0323,0.2003,+0.1679
419,A,False,0.00,0.00,0.0000,0.0000,+0.0000
420,F,False,0.00,1.21,0.0000,0.0050,+0.0050
421,E,True,46.75,32.42,0.2097,0.1454,-0.0643
422,N,False,70.23,73.05,0.3602,0.3746,+0.0144
423,L,False,1.07,1.21,0.0053,0.0060,+0.0007
424,E,True,95.67,99.94,0.4290,0.4481,+0.0191
425,I,False,18.11,35.02,0.0920,0.1778,+0.0858
426,I,False,0.00,0.00,0.0000,0.0000,+0.0000
427,R,False,67.35,86.15,0.2458,0.3144,+0.0686
428,G,False,0.00,3.21,0.0000,0.0309,+0.0309
429,R,False,165.47,162.15,0.6039,0.5918,-0.0121
430,T,False,69.63,67.22,0.4048,0.3908,-0.0140
431,K,False,51.25,28.92,0.2172,0.1225,-0.0946
432,Q,False,36.48,35.28,0.1621,0.1568,-0.0053
433,H,True,145.08,169.92,0.6477,0.7586,+0.1109
434,G,False,54.08,60.33,0.5200,0.5801,+0.0601
435,Q,False,89.88,99.89,0.3995,0.4440,+0.0445
436,F,False,40.92,40.92,0.1705,0.1705,+0.0000
437,S,False,1.21,0.00,0.0078,0.0000,-0.0078
438,L,False,1.21,2.42,0.0060,0.0120,+0.0060
439,A,False,7.13,8.45,0.0553,0.0655,+0.0102
440,V,False,1.21,0.00,0.0069,0.0000,-0.0069
441,V,False,45.89,31.40,0.2637,0.1805,-0.0833
442,S,False,67.01,85.63,0.4323,0.5525,+0.1202
443,L,False,7.25,11.40,0.0360,0.0567,+0.0206
444,N,False,46.65,61.90,0.2392,0.3174,+0.0782
445,I,False,1.09,1.21,0.0056,0.0061,+0.0006
446,T,False,33.80,38.37,0.1965,0.2231,+0.0266
447,S,False,8.57,6.56,0.0553,0.0424,-0.0129
448,L,False,4.60,7.13,0.0229,0.0355,+0.0126
449,G,False,2.42,0.00,0.0232,0.0000,-0.0232
450,L,False,1.21,0.00,0.0060,0.0000,-0.0060
451,R,False,37.31,77.79,0.1362,0.2839,+0.1478
452,S,False,34.83,27.88,0.2247,0.1798,-0.0449
453,L,False,7.50,3.35,0.0373,0.0167,-0.0206
454,K,False,125.99,114.25,0.5338,0.4841,-0.0497
455,E,True,77.57,94.32,0.3479,0.4230,+0.0751
456,I,False,0.00,0.00,0.0000,0.0000,+0.0000
457,S,False,27.09,28.83,0.1748,0.1860,+0.0112
458,D,True,47.83,86.01,0.2478,0.4456,+0.1978
459,G,False,5.92,1.21,0.0570,0.0116,-0.0454
460,D,True,35.90,23.18,0.1860,0.1201,-0.0659
461,V,False,1.21,1.07,0.0069,0.0062,-0.0008
462,I,False,28.98,26.57,0.1471,0.1349,-0.0123
463,I,False,0.00,0.00,0.0000,0.0000,+0.0000
464,S,False,29.34,24.41,0.1893,0.1575,-0.0318
465,G,False,28.69,37.42,0.2759,0.3598,+0.0839
466,N,False,0.00,0.00,0.0000,0.0000,+0.0000
