structure,uniprot_pos,is_anchor,distance_a,touched_by_uniprot_pos
6ARU,446,False,4.446,504
6ARU,447,False,3.225,516
6ARU,448,False,3.572,516
6ARU,449,False,3.251,516
6ARU,450,False,2.977,516
6ARU,451,False,2.644,522
6ARU,453,False,4.016,516
6ARU,454,False,3.599,524
6ARU,456,False,3.015,486
6ARU,457,False,3.073,483
6ARU,458,True,2.984,486
6ARU,459,False,2.538,486
6ARU,460,True,2.775,487
6ARU,461,False,2.859,489
6ARU,462,False,3.376,489
6ARU,463,False,2.876,491
6ARU,464,False,3.154,491
6ARU,465,False,3.294,492
6ARU,466,False,2.836,493
1NQL,447,False,3.459,516
1NQL,448,False,2.365,516
1NQL,449,False,4.135,516
1NQL,450,False,3.235,516
1NQL,451,False,3.631,522
1NQL,453,False,4.098,516
1NQL,454,False,3.802,524
1NQL,456,False,3.327,481
1NQL,457,False,2.782,483
1NQL,458,True,2.980,483
1NQL,459,False,3.628,481
1NQL,460,True,2.936,487
1NQL,461,False,3.366,487
1NQL,462,False,3.823,489
1NQL,463,False,2.932,489
1NQL,464,False,3.424,491
1NQL,465,False,3.138,492
1NQL,466,False,2.862,493
