uniprot_pos,human_aa,mouse_aa,conserved,distance_from_h370_a,sasa_a2,rsa,exposure,cetuximab_contact,switchable,candidate_anchor,cb_fallback
332,P,P,True,23.866,60.64,0.3814,exposed,False,False,False,True
334,R,R,True,22.826,173.61,0.6336,exposed,False,False,False,True
335,K,K,True,20.192,99.36,0.4210,exposed,False,False,False,True
336,V,V,True,17.349,77.28,0.4441,exposed,False,False,False,True
337,C,C,True,14.320,19.64,0.1176,partial,False,False,False,True
338,N,N,True,11.984,54.37,0.2788,exposed,False,False,False,True
339,G,G,True,8.098,0.00,0.0000,buried,False,False,False,True
340,I,I,True,4.374,15.41,0.0782,partial,False,False,False,True
341,G,G,True,7.195,29.22,0.2810,exposed,False,False,False,True
342,I,I,True,10.068,83.33,0.4230,exposed,False,False,False,True
343,G,G,True,13.301,41.06,0.3949,exposed,False,False,False,True
344,E,E,True,14.155,106.99,0.4798,exposed,False,True,True,False
345,F,F,True,9.354,2.42,0.0101,buried,False,False,False,True
346,K,K,True,12.061,140.75,0.5964,exposed,False,False,False,True
347,D,D,True,12.420,136.31,0.7063,exposed,False,True,True,False
348,S,T,False,9.087,30.58,0.1973,partial,False,False,False,True
349,L,L,True,7.465,117.62,0.5852,exposed,False,False,False,True
350,S,S,True,6.716,0.00,0.0000,buried,False,False,False,True
351,I,I,True,8.571,1.07,0.0054,buried,False,False,False,True
352,N,N,True,11.173,21.10,0.1082,partial,False,False,False,True
353,A,A,True,16.157,20.65,0.1601,partial,False,False,False,True
354,T,T,True,15.279,70.14,0.4078,exposed,False,False,False,True
355,N,N,True,11.678,13.17,0.0675,partial,False,False,False,True
356,I,I,True,14.021,0.00,0.0000,buried,False,False,False,True
357,K,K,True,17.922,144.07,0.6105,exposed,False,False,False,True
358,H,H,True,16.619,112.09,0.5004,exposed,False,True,True,False
359,F,F,True,13.613,0.00,0.0000,buried,False,False,False,True
360,K,K,True,19.481,119.28,0.5054,exposed,False,False,False,True
361,N,Y,False,21.214,80.32,0.4119,exposed,False,False,False,True
362,C,C,True,15.654,0.00,0.0000,buried,False,False,False,True
363,T,T,True,19.338,7.64,0.0444,buried,False,False,False,True
364,S,A,False,16.560,3.35,0.0216,buried,False,False,False,True
365,I,I,True,10.885,0.00,0.0000,buried,False,False,False,True
366,S,S,True,13.345,51.97,0.3353,exposed,False,False,False,True
367,G,G,True,8.960,9.66,0.0929,partial,False,False,False,True
368,D,D,True,5.519,23.59,0.1222,partial,False,True,True,False
369,L,L,True,6.576,0.00,0.0000,buried,False,False,False,True
370,H,H,True,0.000,30.03,0.1341,partial,False,True,True,False
371,I,I,True,8.186,2.42,0.0123,buried,False,False,False,True
372,L,L,True,7.547,24.15,0.1202,partial,False,False,False,True
373,P,P,True,12.528,50.58,0.3181,exposed,True,False,False,True
374,V,V,True,11.107,30.99,0.1781,partial,True,False,False,True
375,A,A,True,10.906,1.07,0.0083,buried,False,False,False,True
376,F,F,True,15.025,49.34,0.2056,partial,False,False,False,True
377,R,K,False,16.322,163.33,0.5961,exposed,True,False,False,True
378,G,G,True,16.301,13.27,0.1276,partial,False,False,False,True
379,D,D,True,14.426,35.26,0.1827,partial,False,True,True,False
380,S,S,True,19.992,88.49,0.5709,exposed,False,False,False,True
381,F,F,True,16.813,182.57,0.7607,exposed,False,False,False,True
382,T,T,True,14.359,80.33,0.4670,exposed,False,False,False,True
383,H,R,False,20.568,163.97,0.7320,exposed,False,True,False,False
384,T,T,True,15.042,17.57,0.1021,partial,False,False,False,True
385,P,P,True,19.499,74.51,0.4686,exposed,False,False,False,True
386,P,P,True,18.705,78.73,0.4952,exposed,False,False,False,True
387,L,L,True,14.839,8.84,0.0440,buried,False,False,False,True
388,D,D,True,21.244,82.23,0.4261,exposed,False,True,True,False
389,P,P,True,18.534,52.73,0.3316,exposed,False,False,False,True
390,Q,R,False,21.531,129.98,0.5777,exposed,False,False,False,True
391,E,E,True,18.906,63.10,0.2829,exposed,False,True,True,False
392,L,L,True,15.272,1.21,0.0060,buried,False,False,False,True
393,D,E,False,20.414,64.99,0.3367,exposed,False,True,False,False
394,I,I,True,16.774,27.25,0.1383,partial,False,False,False,True
395,L,L,True,13.814,0.00,0.0000,buried,False,False,False,True
396,K,K,True,19.483,59.36,0.2515,exposed,False,False,False,True
397,T,T,True,19.306,33.68,0.1958,partial,False,False,False,True
398,V,V,True,14.472,0.00,0.0000,buried,False,False,False,True
399,K,K,True,18.977,64.89,0.2750,exposed,False,False,False,True
400,E,E,True,17.320,32.69,0.1466,partial,False,True,True,False
401,I,I,True,10.857,0.00,0.0000,buried,False,False,False,True
402,T,T,True,13.031,20.38,0.1185,partial,False,False,False,True
403,G,G,True,9.356,0.00,0.0000,buried,False,False,False,True
404,F,F,True,7.360,12.08,0.0503,partial,False,False,False,True
405,L,L,True,8.960,1.21,0.0060,buried,False,False,False,True
406,L,L,True,5.059,9.66,0.0481,buried,True,False,False,True
407,I,I,True,9.976,1.07,0.0054,buried,False,False,False,True
408,Q,Q,True,9.236,76.30,0.3391,exposed,True,False,False,True
409,A,A,True,12.017,10.87,0.0843,partial,False,False,False,True
410,W,W,True,14.797,20.54,0.0721,partial,False,False,False,True
411,P,P,True,18.245,13.15,0.0827,partial,False,False,False,True
412,E,D,False,21.075,138.84,0.6226,exposed,False,True,False,False
413,N,N,True,24.079,128.70,0.6600,exposed,False,False,False,True
414,R,W,False,20.231,92.30,0.3369,exposed,False,False,False,True
415,T,T,True,23.828,76.34,0.4439,exposed,False,False,False,True
416,D,D,True,21.510,22.50,0.1166,partial,False,True,True,False
417,L,L,True,15.667,1.21,0.0060,buried,False,False,False,True
418,H,H,True,18.670,7.25,0.0323,buried,False,True,False,False
419,A,A,True,15.340,0.00,0.0000,buried,False,False,False,True
420,F,F,True,14.525,0.00,0.0000,buried,False,False,False,True
421,E,E,True,21.922,46.75,0.2097,partial,False,True,True,False
422,N,N,True,20.206,70.23,0.3602,exposed,False,False,False,True
423,L,L,True,15.677,1.07,0.0053,buried,False,False,False,True
424,E,E,True,21.977,95.67,0.4290,exposed,False,True,True,False
425,I,I,True,17.814,18.11,0.0920,partial,False,False,False,True
426,I,I,True,12.971,0.00,0.0000,buried,False,False,False,True
427,R,R,True,14.914,67.35,0.2458,partial,False,False,False,True
428,G,G,True,12.227,0.00,0.0000,buried,False,False,False,True
429,R,R,True,13.702,165.47,0.6039,exposed,False,False,False,True
430,T,T,True,9.587,69.63,0.4048,exposed,False,False,False,True
431,K,K,True,10.573,51.25,0.2172,partial,False,False,False,True
432,Q,Q,True,6.673,36.48,0.1621,partial,True,False,False,True
433,H,H,True,9.733,145.08,0.6477,exposed,True,True,True,False
434,G,G,True,11.666,54.08,0.5200,exposed,False,False,False,True
435,Q,Q,True,13.076,89.88,0.3995,exposed,True,False,False,True
436,F,F,True,10.657,40.92,0.1705,partial,True,False,False,True
437,S,S,True,11.874,1.21,0.0078,buried,False,False,False,True
438,L,L,True,12.334,1.21,0.0060,buried,False,False,False,True
439,A,A,True,9.408,7.13,0.0553,partial,True,False,False,True
440,V,V,True,13.334,1.21,0.0069,buried,False,False,False,True
441,V,V,True,12.731,45.89,0.2637,exposed,True,False,False,True
442,S,G,False,16.511,67.01,0.4323,exposed,True,False,False,True
443,L,L,True,15.972,7.25,0.0360,buried,False,False,False,True
444,N,N,True,20.836,46.65,0.2392,partial,False,False,False,True
445,I,I,True,18.931,1.09,0.0056,buried,False,False,False,True
446,T,T,True,24.441,33.80,0.1965,partial,False,False,False,True
447,S,S,True,23.117,8.57,0.0553,partial,False,False,False,True
448,L,L,True,18.458,4.60,0.0229,buried,False,False,False,True
449,G,G,True,20.780,2.42,0.0232,buried,False,False,False,True
450,L,L,True,18.082,1.21,0.0060,buried,False,False,False,True
451,R,R,True,23.439,37.31,0.1362,partial,False,False,False,True
452,S,S,True,21.215,34.83,0.2247,partial,False,False,False,True
453,L,L,True,18.514,7.50,0.0373,buried,False,False,False,True
454,K,K,True,22.675,125.99,0.5338,exposed,False,False,False,True
455,E,E,True,21.221,77.57,0.3479,exposed,False,True,True,False
456,I,I,True,16.699,0.00,0.0000,buried,False,False,False,True
457,S,S,True,17.875,27.09,0.1748,partial,False,False,False,True
458,D,D,True,16.869,47.83,0.2478,partial,False,True,True,False
459,G,G,True,14.494,5.92,0.0570,partial,False,False,False,True
460,D,D,True,16.856,35.90,0.1860,partial,False,True,True,False
461,V,V,True,15.733,1.21,0.0069,buried,False,False,False,True
462,I,I,True,14.291,28.98,0.1471,partial,True,False,False,True
463,I,I,True,17.115,0.00,0.0000,buried,False,False,False,True
464,S,S,True,16.842,29.34,0.1893,partial,True,False,False,True
465,G,G,True,18.915,28.69,0.2759,exposed,True,False,False,True
466,N,N,True,18.946,0.00,0.0000,buried,False,False,False,True
467,K,R,False,23.825,129.15,0.5472,exposed,True,False,False,True
468,N,N,True,24.144,39.16,0.2008,partial,False,False,False,True
469,L,L,True,21.106,3.35,0.0167,buried,False,False,False,True
472,A,A,True,21.342,4.60,0.0357,buried,False,False,False,True
475,I,I,True,23.602,15.55,0.0789,partial,False,False,False,True
477,W,W,True,21.559,14.26,0.0500,partial,False,False,False,True
480,L,L,True,20.721,13.15,0.0654,partial,False,False,False,True
481,F,F,True,21.498,26.40,0.1100,partial,False,False,False,True
482,G,G,True,22.051,55.62,0.5348,exposed,False,False,False,True
483,T,T,True,21.355,66.40,0.3861,exposed,False,False,False,True
485,G,N,False,22.642,55.24,0.5311,exposed,False,False,False,True
486,Q,Q,True,19.647,20.90,0.0929,partial,False,False,False,True
487,K,K,True,20.914,147.19,0.6237,exposed,False,False,False,True
488,T,T,True,20.399,51.69,0.3006,exposed,False,False,False,True
489,K,K,True,18.660,111.10,0.4707,exposed,True,False,False,True
490,I,I,True,21.019,57.34,0.2911,exposed,True,False,False,True
491,I,M,False,21.315,74.87,0.3801,exposed,True,False,False,True
492,S,N,False,22.218,91.74,0.5919,exposed,True,False,False,True
493,N,N,True,22.030,37.36,0.1916,partial,True,False,False,True
516,W,W,True,22.817,11.51,0.0404,buried,False,False,False,True
