design,target_pos,target_resnum,target_aa,binder_chain,binder_pos,binder_aa,min_dist,atom_pairs,classification,charge_group_dist,charge_atoms_resolved,charge_groups_reach,forbidden
egfr-domain3-h370-r1-short_detarget_l48_b495b644c4981ad4_candidate10_EGFR_domain3,433,409,H,B,25,H,4.407,1,his-his,7.303,True,False,False
egfr-domain3-h370-r1-short_detarget_l48_b495b644c4981ad4_candidate10_EGFR_domain3,433,409,H,B,28,A,3.045,4,neutral,,False,False,False
egfr-domain3-h370-r1-short_detarget_l48_b495b644c4981ad4_candidate1_EGFR_domain3,340,316,I,B,28,A,4.408,1,neutral,,False,False,False
egfr-domain3-h370-r1-short_detarget_l48_b495b644c4981ad4_candidate1_EGFR_domain3,341,317,G,B,24,P,2.258,15,neutral,,False,False,False
egfr-domain3-h370-r1-short_detarget_l48_b495b644c4981ad4_candidate1_EGFR_domain3,341,317,G,B,25,H,3.805,3,neutral,,False,False,False
egfr-domain3-h370-r1-short_detarget_l48_b495b644c4981ad4_candidate1_EGFR_domain3,342,318,I,B,24,P,4.334,1,neutral,,False,False,False
egfr-domain3-h370-r1-short_detarget_l48_b495b644c4981ad4_candidate1_EGFR_domain3,346,322,K,B,24,P,3.305,8,neutral,,False,False,False
egfr-domain3-h370-r1-short_detarget_l48_b495b644c4981ad4_candidate1_EGFR_domain3,347,323,D,B,24,P,3.932,2,neutral,,False,False,False
egfr-domain3-h370-r1-short_detarget_l48_b495b644c4981ad4_candidate1_EGFR_domain3,347,323,D,B,27,R,4.207,2,neutral,,False,False,False
egfr-domain3-h370-r1-short_detarget_l48_b495b644c4981ad4_candidate1_EGFR_domain3,348,324,S,B,28,A,4.373,1,neutral,,False,False,False
egfr-domain3-h370-r1-short_detarget_l48_b495b644c4981ad4_candidate1_EGFR_domain3,349,325,L,B,9,W,4.350,1,neutral,,False,False,False
egfr-domain3-h370-r1-short_detarget_l48_b495b644c4981ad4_candidate1_EGFR_domain3,349,325,L,B,12,I,4.446,1,neutral,,False,False,False
egfr-domain3-h370-r1-short_detarget_l48_b495b644c4981ad4_candidate1_EGFR_domain3,349,325,L,B,13,H,4.348,2,neutral,,False,False,False
egfr-domain3-h370-r1-short_detarget_l48_b495b644c4981ad4_candidate1_EGFR_domain3,349,325,L,B,16,L,3.492,3,neutral,,False,False,False
egfr-domain3-h370-r1-short_detarget_l48_b495b644c4981ad4_candidate1_EGFR_domain3,349,325,L,B,27,R,4.013,2,neutral,,False,False,False
egfr-domain3-h370-r1-short_detarget_l48_b495b644c4981ad4_candidate1_EGFR_domain3,349,325,L,B,28,A,3.692,6,neutral,,False,False,False
egfr-domain3-h370-r1-short_detarget_l48_b495b644c4981ad4_candidate1_EGFR_domain3,349,325,L,B,31,A,4.037,1,neutral,,False,False,False
egfr-domain3-h370-r1-short_detarget_l48_b495b644c4981ad4_candidate1_EGFR_domain3,368,344,D,B,25,H,4.084,1,correct,6.172,True,False,False
egfr-domain3-h370-r1-short_detarget_l48_b495b644c4981ad4_candidate1_EGFR_domain3,370,346,H,B,28,A,3.485,11,neutral,,False,False,False
egfr-domain3-h370-r1-short_detarget_l48_b495b644c4981ad4_candidate1_EGFR_domain3,370,346,H,B,29,S,4.174,2,neutral,,False,False,False
egfr-domain3-h370-r1-short_detarget_l48_b495b644c4981ad4_candidate1_EGFR_domain3,372,348,L,B,31,A,4.465,1,neutral,,False,False,False
egfr-domain3-h370-r1-short_detarget_l48_b495b644c4981ad4_candidate1_EGFR_domain3,372,348,L,B,32,S,4.427,1,neutral,,False,False,False
egfr-domain3-h370-r1-short_detarget_l48_b495b644c4981ad4_candidate1_EGFR_domain3,373,349,P,B,35,L,3.335,2,neutral,,False,False,False
egfr-domain3-h370-r1-short_detarget_l48_b495b644c4981ad4_candidate1_EGFR_domain3,374,350,V,B,9,W,3.694,12,neutral,,False,False,False
egfr-domain3-h370-r1-short_detarget_l48_b495b644c4981ad4_candidate1_EGFR_domain3,377,353,R,B,5,E,1.986,17,neutral,,False,False,False
egfr-domain3-h370-r1-short_detarget_l48_b495b644c4981ad4_candidate1_EGFR_domain3,377,353,R,B,9,W,1.437,14,neutral,,False,False,False
egfr-domain3-h370-r1-short_detarget_l48_b495b644c4981ad4_candidate1_EGFR_domain3,379,355,D,B,13,H,3.094,9,correct,3.094,True,True,False
egfr-domain3-h370-r1-short_detarget_l48_b495b644c4981ad4_candidate1_EGFR_domain3,381,357,F,B,9,W,4.136,3,neutral,,False,False,False
egfr-domain3-h370-r1-short_detarget_l48_b495b644c4981ad4_candidate1_EGFR_domain3,381,357,F,B,10,K,3.497,11,neutral,,False,False,False
egfr-domain3-h370-r1-short_detarget_l48_b495b644c4981ad4_candidate1_EGFR_domain3,381,357,F,B,13,H,3.377,18,neutral,,False,False,False
egfr-domain3-h370-r1-short_detarget_l48_b495b644c4981ad4_candidate1_EGFR_domain3,382,358,T,B,13,H,3.724,1,neutral,,False,False,False
egfr-domain3-h370-r1-short_detarget_l48_b495b644c4981ad4_candidate1_EGFR_domain3,404,380,F,B,29,S,4.406,1,neutral,,False,False,False
egfr-domain3-h370-r1-short_detarget_l48_b495b644c4981ad4_candidate1_EGFR_domain3,406,382,L,B,32,S,3.159,4,neutral,,False,False,False
egfr-domain3-h370-r1-short_detarget_l48_b495b644c4981ad4_candidate1_EGFR_domain3,408,384,Q,B,32,S,3.206,7,neutral,,False,False,False
egfr-domain3-h370-r1-short_detarget_l48_b495b644c4981ad4_candidate1_EGFR_domain3,408,384,Q,B,35,L,3.600,3,neutral,,False,False,False
egfr-domain3-h370-r1-short_detarget_l48_b495b644c4981ad4_candidate1_EGFR_domain3,408,384,Q,B,36,T,3.396,1,neutral,,False,False,False
egfr-domain3-h370-r1-short_detarget_l48_b495b644c4981ad4_candidate1_EGFR_domain3,432,408,Q,B,32,S,2.520,6,neutral,,False,False,False
egfr-domain3-h370-r1-short_detarget_l48_b495b644c4981ad4_candidate1_EGFR_domain3,433,409,H,B,29,S,3.661,3,neutral,,False,False,False
egfr-domain3-h370-r1-short_detarget_l48_b495b644c4981ad4_candidate1_EGFR_domain3,433,409,H,B,32,S,4.423,1,neutral,,False,False,False
egfr-domain3-h370-r1-short_detarget_l48_b495b644c4981ad4_candidate1_EGFR_domain3,433,409,H,B,33,R,3.077,12,neutral,,False,False,False
egfr-domain3-h370-r1-short_detarget_l48_b495b644c4981ad4_candidate1_EGFR_domain3,442,418,S,B,39,Q,4.316,1,neutral,,False,False,False
egfr-domain3-h370-r1-short_detarget_l48_b495b644c4981ad4_candidate2_EGFR_domain3,433,409,H,B,28,A,4.118,4,neutral,,False,False,False
egfr-domain3-h370-r1-short_detarget_l48_b495b644c4981ad4_candidate2_EGFR_domain3,433,409,H,B,29,E,4.341,1,correct,5.848,True,True,False
egfr-domain3-h370-r1-short_detarget_l48_b495b644c4981ad4_candidate2_EGFR_domain3,433,409,H,B,32,S,4.499,1,neutral,,False,False,False
egfr-domain3-h370-r1-short_detarget_l48_b495b644c4981ad4_candidate3_EGFR_domain3,433,409,H,B,28,A,2.383,9,neutral,,False,False,False
egfr-domain3-h370-r1-short_detarget_l48_b495b644c4981ad4_candidate4_EGFR_domain3,433,409,H,B,28,A,3.528,2,neutral,,False,False,False
egfr-domain3-h370-r1-short_detarget_l48_b495b644c4981ad4_candidate5_EGFR_domain3,435,411,Q,B,24,P,3.327,5,neutral,,False,False,False
egfr-domain3-h370-r1-short_detarget_l48_b495b644c4981ad4_candidate5_EGFR_domain3,435,411,Q,B,25,H,3.715,9,neutral,,False,False,False
egfr-domain3-h370-r1-short_detarget_l48_b495b644c4981ad4_candidate5_EGFR_domain3,436,412,F,B,25,H,4.243,1,neutral,,False,False,False
egfr-domain3-h370-r1-short_detarget_l48_b495b644c4981ad4_candidate6_EGFR_domain3,377,353,R,B,5,E,4.324,1,neutral,,False,False,False
egfr-domain3-h370-r1-short_detarget_l48_b495b644c4981ad4_candidate6_EGFR_domain3,408,384,Q,B,32,S,4.041,1,neutral,,False,False,False
egfr-domain3-h370-r1-short_detarget_l48_b495b644c4981ad4_candidate6_EGFR_domain3,433,409,H,B,29,S,3.011,12,neutral,,False,False,False
egfr-domain3-h370-r1-short_detarget_l48_b495b644c4981ad4_candidate7_EGFR_domain3,341,317,G,B,24,P,2.479,16,neutral,,False,False,False
egfr-domain3-h370-r1-short_detarget_l48_b495b644c4981ad4_candidate7_EGFR_domain3,341,317,G,B,25,H,4.397,1,neutral,,False,False,False
egfr-domain3-h370-r1-short_detarget_l48_b495b644c4981ad4_candidate7_EGFR_domain3,342,318,I,B,24,P,4.383,1,neutral,,False,False,False
egfr-domain3-h370-r1-short_detarget_l48_b495b644c4981ad4_candidate7_EGFR_domain3,346,322,K,B,24,P,3.831,2,neutral,,False,False,False
egfr-domain3-h370-r1-short_detarget_l48_b495b644c4981ad4_candidate7_EGFR_domain3,347,323,D,B,24,P,3.953,2,neutral,,False,False,False
egfr-domain3-h370-r1-short_detarget_l48_b495b644c4981ad4_candidate7_EGFR_domain3,349,325,L,B,13,H,4.317,2,neutral,,False,False,False
egfr-domain3-h370-r1-short_detarget_l48_b495b644c4981ad4_candidate7_EGFR_domain3,349,325,L,B,16,L,3.874,2,neutral,,False,False,False
egfr-domain3-h370-r1-short_detarget_l48_b495b644c4981ad4_candidate7_EGFR_domain3,349,325,L,B,27,R,4.447,1,neutral,,False,False,False
egfr-domain3-h370-r1-short_detarget_l48_b495b644c4981ad4_candidate7_EGFR_domain3,349,325,L,B,28,A,3.912,1,neutral,,False,False,False
egfr-domain3-h370-r1-short_detarget_l48_b495b644c4981ad4_candidate7_EGFR_domain3,349,325,L,B,31,A,4.431,1,neutral,,False,False,False
egfr-domain3-h370-r1-short_detarget_l48_b495b644c4981ad4_candidate7_EGFR_domain3,368,344,D,B,25,H,3.811,1,correct,5.787,True,True,False
egfr-domain3-h370-r1-short_detarget_l48_b495b644c4981ad4_candidate7_EGFR_domain3,370,346,H,B,28,A,2.799,8,neutral,,False,False,False
egfr-domain3-h370-r1-short_detarget_l48_b495b644c4981ad4_candidate7_EGFR_domain3,373,349,P,B,9,W,4.341,1,neutral,,False,False,False
egfr-domain3-h370-r1-short_detarget_l48_b495b644c4981ad4_candidate7_EGFR_domain3,373,349,P,B,35,L,3.852,2,neutral,,False,False,False
egfr-domain3-h370-r1-short_detarget_l48_b495b644c4981ad4_candidate7_EGFR_domain3,374,350,V,B,9,W,3.940,5,neutral,,False,False,False
egfr-domain3-h370-r1-short_detarget_l48_b495b644c4981ad4_candidate7_EGFR_domain3,377,353,R,B,5,E,2.731,12,neutral,,False,False,False
egfr-domain3-h370-r1-short_detarget_l48_b495b644c4981ad4_candidate7_EGFR_domain3,377,353,R,B,9,W,1.227,18,neutral,,False,False,False
egfr-domain3-h370-r1-short_detarget_l48_b495b644c4981ad4_candidate7_EGFR_domain3,379,355,D,B,13,H,3.557,6,correct,3.557,True,True,False
egfr-domain3-h370-r1-short_detarget_l48_b495b644c4981ad4_candidate7_EGFR_domain3,381,357,F,B,9,W,4.356,2,neutral,,False,False,False
egfr-domain3-h370-r1-short_detarget_l48_b495b644c4981ad4_candidate7_EGFR_domain3,381,357,F,B,10,K,4.037,5,neutral,,False,False,False
egfr-domain3-h370-r1-short_detarget_l48_b495b644c4981ad4_candidate7_EGFR_domain3,381,357,F,B,13,H,3.509,16,neutral,,False,False,False
egfr-domain3-h370-r1-short_detarget_l48_b495b644c4981ad4_candidate7_EGFR_domain3,406,382,L,B,32,S,3.918,2,neutral,,False,False,False
egfr-domain3-h370-r1-short_detarget_l48_b495b644c4981ad4_candidate7_EGFR_domain3,408,384,Q,B,32,S,3.265,7,neutral,,False,False,False
egfr-domain3-h370-r1-short_detarget_l48_b495b644c4981ad4_candidate7_EGFR_domain3,408,384,Q,B,35,L,3.803,3,neutral,,False,False,False
egfr-domain3-h370-r1-short_detarget_l48_b495b644c4981ad4_candidate7_EGFR_domain3,408,384,Q,B,36,T,4.021,1,neutral,,False,False,False
egfr-domain3-h370-r1-short_detarget_l48_b495b644c4981ad4_candidate7_EGFR_domain3,432,408,Q,B,29,S,4.457,2,neutral,,False,False,False
egfr-domain3-h370-r1-short_detarget_l48_b495b644c4981ad4_candidate7_EGFR_domain3,432,408,Q,B,32,S,2.620,5,neutral,,False,False,False
egfr-domain3-h370-r1-short_detarget_l48_b495b644c4981ad4_candidate7_EGFR_domain3,433,409,H,B,29,S,3.187,8,neutral,,False,False,False
egfr-domain3-h370-r1-short_detarget_l48_b495b644c4981ad4_candidate7_EGFR_domain3,433,409,H,B,32,S,4.207,2,neutral,,False,False,False
egfr-domain3-h370-r1-short_detarget_l48_b495b644c4981ad4_candidate7_EGFR_domain3,433,409,H,B,33,R,3.712,7,neutral,,False,False,False
egfr-domain3-h370-r1-short_detarget_l48_b495b644c4981ad4_candidate7_EGFR_domain3,442,418,S,B,39,Q,4.438,1,neutral,,False,False,False
egfr-domain3-h370-r1-short_detarget_l48_b495b644c4981ad4_candidate8_EGFR_domain3,341,317,G,B,24,P,2.546,6,neutral,,False,False,False
egfr-domain3-h370-r1-short_detarget_l48_b495b644c4981ad4_candidate8_EGFR_domain3,347,323,D,B,27,R,2.923,5,neutral,,False,False,False
egfr-domain3-h370-r1-short_detarget_l48_b495b644c4981ad4_candidate8_EGFR_domain3,349,325,L,B,16,L,3.843,1,neutral,,False,False,False
egfr-domain3-h370-r1-short_detarget_l48_b495b644c4981ad4_candidate8_EGFR_domain3,349,325,L,B,31,A,4.258,1,neutral,,False,False,False
egfr-domain3-h370-r1-short_detarget_l48_b495b644c4981ad4_candidate8_EGFR_domain3,370,346,H,B,28,A,3.486,2,neutral,,False,False,False
egfr-domain3-h370-r1-short_detarget_l48_b495b644c4981ad4_candidate8_EGFR_domain3,374,350,V,B,9,W,4.323,2,neutral,,False,False,False
egfr-domain3-h370-r1-short_detarget_l48_b495b644c4981ad4_candidate8_EGFR_domain3,377,353,R,B,5,E,1.495,18,neutral,,False,False,False
egfr-domain3-h370-r1-short_detarget_l48_b495b644c4981ad4_candidate8_EGFR_domain3,377,353,R,B,9,W,2.630,11,neutral,,False,False,False
egfr-domain3-h370-r1-short_detarget_l48_b495b644c4981ad4_candidate8_EGFR_domain3,380,356,S,B,6,E,4.429,1,neutral,,False,False,False
egfr-domain3-h370-r1-short_detarget_l48_b495b644c4981ad4_candidate8_EGFR_domain3,381,357,F,B,6,E,3.979,2,neutral,,False,False,False
egfr-domain3-h370-r1-short_detarget_l48_b495b644c4981ad4_candidate8_EGFR_domain3,381,357,F,B,9,W,3.738,7,neutral,,False,False,False
egfr-domain3-h370-r1-short_detarget_l48_b495b644c4981ad4_candidate8_EGFR_domain3,381,357,F,B,10,K,3.161,13,neutral,,False,False,False
egfr-domain3-h370-r1-short_detarget_l48_b495b644c4981ad4_candidate8_EGFR_domain3,381,357,F,B,13,H,4.411,1,neutral,,False,False,False
egfr-domain3-h370-r1-short_detarget_l48_b495b644c4981ad4_candidate8_EGFR_domain3,431,407,K,B,29,E,3.413,1,neutral,,False,False,False
egfr-domain3-h370-r1-short_detarget_l48_b495b644c4981ad4_candidate8_EGFR_domain3,432,408,Q,B,32,S,3.192,3,neutral,,False,False,False
egfr-domain3-h370-r1-short_detarget_l48_b495b644c4981ad4_candidate8_EGFR_domain3,433,409,H,B,29,E,3.609,9,correct,5.686,True,True,False
egfr-domain3-h370-r1-short_detarget_l48_b495b644c4981ad4_candidate8_EGFR_domain3,433,409,H,B,32,S,2.885,7,neutral,,False,False,False
egfr-domain3-h370-r1-short_detarget_l48_b495b644c4981ad4_candidate8_EGFR_domain3,433,409,H,B,33,R,4.102,3,neutral,,False,False,False
egfr-domain3-h370-r1-short_detarget_l48_b495b644c4981ad4_candidate8_EGFR_domain3,434,410,G,B,29,E,3.622,2,neutral,,False,False,False
egfr-domain3-h370-r1-short_detarget_l48_b495b644c4981ad4_candidate9_EGFR_domain3,433,409,H,B,24,P,4.190,3,neutral,,False,False,False
egfr-domain3-h370-r1-short_detarget_l48_b495b644c4981ad4_candidate9_EGFR_domain3,433,409,H,B,25,H,3.995,5,his-his,6.477,True,False,False
egfr-domain3-h370-r1-short_detarget_l48_b495b644c4981ad4_candidate9_EGFR_domain3,433,409,H,B,28,A,3.567,3,neutral,,False,False,False
