candidate,uniprot_pos,amino_acid,ca_deviation_a,plddt
310-480,344,,2.430,
310-480,358,,2.821,
310-480,368,,3.111,
310-480,370,,1.643,
310-480,391,,2.364,
310-480,400,,3.317,
310-480,421,E,1.631,
310-480,424,E,2.358,
310-480-C470S,344,,2.406,
310-480-C470S,358,,2.790,
310-480-C470S,368,,3.083,
310-480-C470S,370,,1.628,
310-480-C470S,391,,2.331,
310-480-C470S,400,,3.277,
310-480-C470S,421,E,1.621,
310-480-C470S,424,E,2.323,
310-499,344,,2.174,
310-499,358,,2.658,
310-499,368,,3.141,
310-499,370,,1.671,
310-499,391,,2.300,
310-499,400,,3.541,
310-499,421,E,1.801,
310-499,424,E,2.712,
