structure,uniprot_pos,aa,anchor_set,touched_at_4_5a,touched_by_uniprot_pos,contact_distance_a,nearest_outside_a,nearest_outside_pos,residues_within_8a,residues_within_12a
6ARU,344,E,h370,False,,,24.061,309,0,0
6ARU,358,H,h370,False,,,23.767,309,0,0
6ARU,368,D,h370,False,,,13.006,486,0,0
6ARU,370,H,h370,False,,,17.047,486,0,0
6ARU,391,E,h370,False,,,17.403,521,0,0
6ARU,400,E,h370,False,,,13.846,516,0,0
6ARU,421,E,h370,False,,,4.625,521,2,9
6ARU,424,E,h370,False,,,7.662,533,1,7
6ARU,416,D,415-466,False,,,5.498,521,6,10
6ARU,418,H,415-466,False,,,7.974,521,1,6
6ARU,421,E,415-466,False,,,4.625,521,2,9
6ARU,424,E,415-466,False,,,7.662,533,1,7
6ARU,433,H,415-466,False,,,11.264,489,0,1
6ARU,455,E,415-466,False,,,5.323,482,5,11
6ARU,458,D,415-466,True,486,2.984,2.984,486,7,9
6ARU,460,D,415-466,True,487,2.775,2.775,487,8,12
1NQL,344,E,h370,False,,,23.618,39,0,0
1NQL,358,H,h370,False,,,19.069,39,0,0
1NQL,368,D,h370,False,,,14.811,483,0,0
1NQL,370,H,h370,False,,,17.418,489,0,0
1NQL,391,E,h370,False,,,19.319,522,0,0
1NQL,400,E,h370,False,,,14.001,516,0,0
1NQL,421,E,h370,False,,,7.082,522,3,12
1NQL,424,E,h370,False,,,8.475,516,0,5
1NQL,416,D,415-466,False,,,5.091,516,5,10
1NQL,418,H,415-466,False,,,4.835,522,4,10
1NQL,421,E,415-466,False,,,7.082,522,3,12
1NQL,424,E,415-466,False,,,8.475,516,0,5
1NQL,433,H,415-466,False,,,10.821,489,0,1
1NQL,455,E,415-466,False,,,5.737,481,3,9
1NQL,458,D,415-466,True,483,2.980,2.980,483,7,8
1NQL,460,D,415-466,True,487,2.936,2.936,487,7,11
