design,verdict,hard_overlaps,contacts,closest_a,closest_uniprot_pos,domain3_contacts,superposition_rmsd_a,matched_ca_atoms,reason
egfr-domain3-h370-r1-short_detarget_l48_b495b644c4981ad4_candidate10_monomer,not scored,0,0,,,0,,0,no chain in this file reads as human EGFR; so which molecule is the target cannot be established
egfr-domain3-h370-r1-short_detarget_l48_b495b644c4981ad4_candidate1_monomer,not scored,0,0,,,0,,0,no chain in this file reads as human EGFR; so which molecule is the target cannot be established
egfr-domain3-h370-r1-short_detarget_l48_b495b644c4981ad4_candidate2_monomer,not scored,0,0,,,0,,0,no chain in this file reads as human EGFR; so which molecule is the target cannot be established
egfr-domain3-h370-r1-short_detarget_l48_b495b644c4981ad4_candidate3_monomer,not scored,0,0,,,0,,0,no chain in this file reads as human EGFR; so which molecule is the target cannot be established
egfr-domain3-h370-r1-short_detarget_l48_b495b644c4981ad4_candidate4_monomer,not scored,0,0,,,0,,0,no chain in this file reads as human EGFR; so which molecule is the target cannot be established
egfr-domain3-h370-r1-short_detarget_l48_b495b644c4981ad4_candidate5_monomer,not scored,0,0,,,0,,0,no chain in this file reads as human EGFR; so which molecule is the target cannot be established
egfr-domain3-h370-r1-short_detarget_l48_b495b644c4981ad4_candidate6_monomer,not scored,0,0,,,0,,0,no chain in this file reads as human EGFR; so which molecule is the target cannot be established
egfr-domain3-h370-r1-short_detarget_l48_b495b644c4981ad4_candidate7_monomer,not scored,0,0,,,0,,0,no chain in this file reads as human EGFR; so which molecule is the target cannot be established
egfr-domain3-h370-r1-short_detarget_l48_b495b644c4981ad4_candidate8_monomer,not scored,0,0,,,0,,0,no chain in this file reads as human EGFR; so which molecule is the target cannot be established
egfr-domain3-h370-r1-short_detarget_l48_b495b644c4981ad4_candidate9_monomer,not scored,0,0,,,0,,0,no chain in this file reads as human EGFR; so which molecule is the target cannot be established
egfr-domain3-h370-r1-short_detarget_l48_b495b644c4981ad4_candidate10_EGFR_domain3,clear,0,0,11.152,489,5,0.383,171,
egfr-domain3-h370-r1-short_detarget_l48_b495b644c4981ad4_candidate10_HisTag,not scored,0,0,,,0,,0,no chain in this file reads as human EGFR; so which molecule is the target cannot be established
egfr-domain3-h370-r1-short_detarget_l48_b495b644c4981ad4_candidate1_EGFR_domain3,clear,0,0,9.773,491,76,0.399,171,
egfr-domain3-h370-r1-short_detarget_l48_b495b644c4981ad4_candidate1_HisTag,not scored,0,0,,,0,,0,no chain in this file reads as human EGFR; so which molecule is the target cannot be established
egfr-domain3-h370-r1-short_detarget_l48_b495b644c4981ad4_candidate2_EGFR_domain3,clear,0,0,10.412,491,4,0.387,171,
egfr-domain3-h370-r1-short_detarget_l48_b495b644c4981ad4_candidate2_HisTag,not scored,0,0,,,0,,0,no chain in this file reads as human EGFR; so which molecule is the target cannot be established
egfr-domain3-h370-r1-short_detarget_l48_b495b644c4981ad4_candidate3_EGFR_domain3,clear,0,0,10.332,489,2,0.379,171,
egfr-domain3-h370-r1-short_detarget_l48_b495b644c4981ad4_candidate3_HisTag,not scored,0,0,,,0,,0,no chain in this file reads as human EGFR; so which molecule is the target cannot be established
egfr-domain3-h370-r1-short_detarget_l48_b495b644c4981ad4_candidate4_EGFR_domain3,clear,0,0,11.059,492,1,0.389,171,
egfr-domain3-h370-r1-short_detarget_l48_b495b644c4981ad4_candidate4_HisTag,not scored,0,0,,,0,,0,no chain in this file reads as human EGFR; so which molecule is the target cannot be established
egfr-domain3-h370-r1-short_detarget_l48_b495b644c4981ad4_candidate5_EGFR_domain3,clashing,1,8,1.960,489,9,0.375,171,
egfr-domain3-h370-r1-short_detarget_l48_b495b644c4981ad4_candidate5_HisTag,not scored,0,0,,,0,,0,no chain in this file reads as human EGFR; so which molecule is the target cannot be established
egfr-domain3-h370-r1-short_detarget_l48_b495b644c4981ad4_candidate6_EGFR_domain3,clear,0,0,10.274,491,9,0.381,171,
egfr-domain3-h370-r1-short_detarget_l48_b495b644c4981ad4_candidate6_HisTag,not scored,0,0,,,0,,0,no chain in this file reads as human EGFR; so which molecule is the target cannot be established
egfr-domain3-h370-r1-short_detarget_l48_b495b644c4981ad4_candidate7_EGFR_domain3,clear,0,0,9.918,491,62,0.392,171,
egfr-domain3-h370-r1-short_detarget_l48_b495b644c4981ad4_candidate7_HisTag,not scored,0,0,,,0,,0,no chain in this file reads as human EGFR; so which molecule is the target cannot be established
egfr-domain3-h370-r1-short_detarget_l48_b495b644c4981ad4_candidate8_EGFR_domain3,clear,0,0,11.555,489,55,0.406,171,
egfr-domain3-h370-r1-short_detarget_l48_b495b644c4981ad4_candidate8_HisTag,not scored,0,0,,,0,,0,no chain in this file reads as human EGFR; so which molecule is the target cannot be established
egfr-domain3-h370-r1-short_detarget_l48_b495b644c4981ad4_candidate9_EGFR_domain3,clear,0,0,10.509,489,6,0.387,171,
egfr-domain3-h370-r1-short_detarget_l48_b495b644c4981ad4_candidate9_HisTag,not scored,0,0,,,0,,0,no chain in this file reads as human EGFR; so which molecule is the target cannot be established
