design,i_pTM_detarget,verdict
egfr-domain3-h370-r1-short_detarget_l48_b495b644c4981ad4_candidate1,0.0800,no tag binding predicted
egfr-domain3-h370-r1-short_detarget_l48_b495b644c4981ad4_candidate10,0.1100,no tag binding predicted
egfr-domain3-h370-r1-short_detarget_l48_b495b644c4981ad4_candidate2,0.1000,no tag binding predicted
egfr-domain3-h370-r1-short_detarget_l48_b495b644c4981ad4_candidate3,0.1000,no tag binding predicted
egfr-domain3-h370-r1-short_detarget_l48_b495b644c4981ad4_candidate4,0.0800,no tag binding predicted
egfr-domain3-h370-r1-short_detarget_l48_b495b644c4981ad4_candidate5,0.0800,no tag binding predicted
egfr-domain3-h370-r1-short_detarget_l48_b495b644c4981ad4_candidate6,0.0900,no tag binding predicted
egfr-domain3-h370-r1-short_detarget_l48_b495b644c4981ad4_candidate7,0.1000,no tag binding predicted
egfr-domain3-h370-r1-short_detarget_l48_b495b644c4981ad4_candidate8,0.0900,no tag binding predicted
egfr-domain3-h370-r1-short_detarget_l48_b495b644c4981ad4_candidate9,0.0900,no tag binding predicted
