path,stage,suffix,bytes,sha256
.campaign_state.json,other,.json,573,7314bfd6ba5efb9eec69b9db35a1a1e86de86429759bdfccae7be984dbe87b00
.redesigned_sequences.txt,other,.txt,490,c8a429160daea5ff048ec750804e77a1a6027ade835128ee72d221ee3f9957a3
1_Trajectories/!_Trajectories.csv,1_Trajectories,.csv,5364,62b24c26735ef67aba95589bf0ef2f34466cf67da060f66e9e0edd4dc0bf6ccd
1_Trajectories/egfr-domain3-h370-r1-short_detarget_l32_9e1c275495126373/egfr-domain3-h370-r1-short_detarget_l32_9e1c275495126373_losses.csv,1_Trajectories,.csv,15100,ba10f8e7e0a162047c22fde2c89ea571d6562af104ed14dab645c2b68ef651b9
1_Trajectories/egfr-domain3-h370-r1-short_detarget_l32_9e1c275495126373/egfr-domain3-h370-r1-short_detarget_l32_9e1c275495126373_sequences.npz,1_Trajectories,.npz,330382,68bda01fca13e28a78f760ca5bc195b6123aa811ccc3d3db720160f4ee8ede88
1_Trajectories/egfr-domain3-h370-r1-short_detarget_l36_f69e1780445bdc40/egfr-domain3-h370-r1-short_detarget_l36_f69e1780445bdc40_losses.csv,1_Trajectories,.csv,22664,4fd79d7673e117b455e03a112da1956f1302043c22062ab20c0a9edc82abce52
1_Trajectories/egfr-domain3-h370-r1-short_detarget_l36_f69e1780445bdc40/egfr-domain3-h370-r1-short_detarget_l36_f69e1780445bdc40_sequences.npz,1_Trajectories,.npz,575620,b91d8ef1c3d36dc0e40d7d19fc13d01bdb62ea3b2b9019b73e7e38a4c6564464
1_Trajectories/egfr-domain3-h370-r1-short_detarget_l38_b07af46868aa55f7/egfr-domain3-h370-r1-short_detarget_l38_b07af46868aa55f7_losses.csv,1_Trajectories,.csv,23221,3a57d505074c363243a6cd07470beb0e6b117dffb92c67588eb0c30e8ce9b908
1_Trajectories/egfr-domain3-h370-r1-short_detarget_l38_b07af46868aa55f7/egfr-domain3-h370-r1-short_detarget_l38_b07af46868aa55f7_sequences.npz,1_Trajectories,.npz,608002,8496ea6e630502732cc84fe5be8fcd8b6f2a7ce96d1e1aef5dffb9e63007b7ba
1_Trajectories/egfr-domain3-h370-r1-short_detarget_l38_eb38ef4b3f33db61/egfr-domain3-h370-r1-short_detarget_l38_eb38ef4b3f33db61_losses.csv,1_Trajectories,.csv,10370,6a2acdd012fb0f9c0189446a2cc966d4ab577c6c3374de077c457f7d19fd32c2
1_Trajectories/egfr-domain3-h370-r1-short_detarget_l38_eb38ef4b3f33db61/egfr-domain3-h370-r1-short_detarget_l38_eb38ef4b3f33db61_sequences.npz,1_Trajectories,.npz,258391,476a8db278137f849aacfa200991cfe3bb6682f1dbfddede56c582977cca5ef6
1_Trajectories/egfr-domain3-h370-r1-short_detarget_l44_caf1da1213a96faa/egfr-domain3-h370-r1-short_detarget_l44_caf1da1213a96faa_losses.csv,1_Trajectories,.csv,22957,412f124b8b6955ea334ea5ee4a78c50ac3167006d672de21a03284e4c3481a1b
1_Trajectories/egfr-domain3-h370-r1-short_detarget_l44_caf1da1213a96faa/egfr-domain3-h370-r1-short_detarget_l44_caf1da1213a96faa_sequences.npz,1_Trajectories,.npz,698797,2bb96400fa4bf6de2e786db9bfead5bda183808b429dc9b0deb75fa30c4ff0e9
1_Trajectories/egfr-domain3-h370-r1-short_detarget_l48_b495b644c4981ad4/egfr-domain3-h370-r1-short_detarget_l48_b495b644c4981ad4_losses.csv,1_Trajectories,.csv,25302,535b98a69c6cabc8af4fdf342fff917b159e509fe61a23b867c83f1b6f625402
1_Trajectories/egfr-domain3-h370-r1-short_detarget_l48_b495b644c4981ad4/egfr-domain3-h370-r1-short_detarget_l48_b495b644c4981ad4_sequences.npz,1_Trajectories,.npz,767580,0bc3c5508b27a761715acc880b3fecae3d366c96e117d4bc9893867916ef8710
1_Trajectories/egfr-domain3-h370-r1-short_detarget_l54_431efedac9a0f2c0/egfr-domain3-h370-r1-short_detarget_l54_431efedac9a0f2c0_losses.csv,1_Trajectories,.csv,23752,fb79ac058d96e2a942e4538e1ca021d2576b2afa886b5784560bf885728fdd16
1_Trajectories/egfr-domain3-h370-r1-short_detarget_l54_431efedac9a0f2c0/egfr-domain3-h370-r1-short_detarget_l54_431efedac9a0f2c0_sequences.npz,1_Trajectories,.npz,862643,bd4e25bab8db0ae19a969342c3a68a20093098e6346d7fc5316434a3d2091c27
1_Trajectories/egfr-domain3-h370-r1-short_detarget_l56_43567bfc1793b68d/egfr-domain3-h370-r1-short_detarget_l56_43567bfc1793b68d_losses.csv,1_Trajectories,.csv,25558,b69a6b8f86e318b000824763198fc947919e2fe5faeb71046dde68959beaa260
1_Trajectories/egfr-domain3-h370-r1-short_detarget_l56_43567bfc1793b68d/egfr-domain3-h370-r1-short_detarget_l56_43567bfc1793b68d_sequences.npz,1_Trajectories,.npz,892819,25dd4203125fffdb29a1125eb7b78752c6e0392d570e73eb6ad99316176d9301
1_Trajectories/egfr-domain3-h370-r1-short_detarget_l57_0b53e72e622621d8/egfr-domain3-h370-r1-short_detarget_l57_0b53e72e622621d8_losses.csv,1_Trajectories,.csv,22981,aa4cbafb73a4c616f8a06d7498c626bbe763df8c5cc480434438571b64bcfbf4
1_Trajectories/egfr-domain3-h370-r1-short_detarget_l57_0b53e72e622621d8/egfr-domain3-h370-r1-short_detarget_l57_0b53e72e622621d8_sequences.npz,1_Trajectories,.npz,903062,b87bf1ce3560d9d230d46f90c25c93b791a90c3b37686303cd3882e3d6a7836b
1_Trajectories/egfr-domain3-h370-r1-short_detarget_l60_076e72ac0632960e/egfr-domain3-h370-r1-short_detarget_l60_076e72ac0632960e_losses.csv,1_Trajectories,.csv,23718,d33fb90f1b08b9ff83727cc5eaddcb48ce1f38a00afe6b7e7f0c5dcc7cb0a450
1_Trajectories/egfr-domain3-h370-r1-short_detarget_l60_076e72ac0632960e/egfr-domain3-h370-r1-short_detarget_l60_076e72ac0632960e_sequences.npz,1_Trajectories,.npz,960329,32dee46c014c77ff94e946085403c00015c4ac5fb2db1c2fc85818fca3a5edee
2_Refolded/!_Refolded.csv,2_Refolded,.csv,5689,c879eace3ad227d8607e6f116cf4029eae39c0db0e699a5d44f4189fb3244c25
2_Refolded/BinderMonomer/egfr-domain3-h370-r1-short_detarget_l48_b495b644c4981ad4_candidate10_monomer.cif,2_Refolded,.cif,39382,179544bf5f04756e352d40deb503d284b783a95120ed7905ec709e07a50eac55
2_Refolded/BinderMonomer/egfr-domain3-h370-r1-short_detarget_l48_b495b644c4981ad4_candidate1_monomer.cif,2_Refolded,.cif,40182,5f76a9c732fa27060efdb02fd2df452fb639d817e8eee2af3c7d547fc03028db
2_Refolded/BinderMonomer/egfr-domain3-h370-r1-short_detarget_l48_b495b644c4981ad4_candidate2_monomer.cif,2_Refolded,.cif,40457,7b0aec018e85d6ad046553c3f6e17f54c9bb2ef5ee5e74f9d92b98aa1272ea81
2_Refolded/BinderMonomer/egfr-domain3-h370-r1-short_detarget_l48_b495b644c4981ad4_candidate3_monomer.cif,2_Refolded,.cif,40067,61e78d103c248e4403ef8e83aba5128668aa71d113f9f9b2c9eddf12faa0beec
2_Refolded/BinderMonomer/egfr-domain3-h370-r1-short_detarget_l48_b495b644c4981ad4_candidate4_monomer.cif,2_Refolded,.cif,40365,72cca2801107f6589a82d0e8d595f457f5c06d50e0a77ea1f1b600d5a0a701f9
2_Refolded/BinderMonomer/egfr-domain3-h370-r1-short_detarget_l48_b495b644c4981ad4_candidate5_monomer.cif,2_Refolded,.cif,40325,a6400431af89d3da304872409cc1e722ff2dbf7ee7a5502fd391332c6128f265
2_Refolded/BinderMonomer/egfr-domain3-h370-r1-short_detarget_l48_b495b644c4981ad4_candidate6_monomer.cif,2_Refolded,.cif,40464,ac49e626f6d03e18ca73fb5d1af38895bb8ecdfad8c0730070d3ed39facc1477
2_Refolded/BinderMonomer/egfr-domain3-h370-r1-short_detarget_l48_b495b644c4981ad4_candidate7_monomer.cif,2_Refolded,.cif,39694,d56c44703e6c9207e08c0bb76233469ea691f32f4095f7642efbe341b18dcaf3
2_Refolded/BinderMonomer/egfr-domain3-h370-r1-short_detarget_l48_b495b644c4981ad4_candidate8_monomer.cif,2_Refolded,.cif,40559,faddbb1fbc20698569a509d40b01eab57050ba3397e89c8bbcab674809c50ada
2_Refolded/BinderMonomer/egfr-domain3-h370-r1-short_detarget_l48_b495b644c4981ad4_candidate9_monomer.cif,2_Refolded,.cif,38942,ba825720f0fad93f454e7afab50185a3d7f1cca108f26398cfbfeae16844f49d
2_Refolded/Complexes/egfr-domain3-h370-r1-short_detarget_l48_b495b644c4981ad4_candidate10_EGFR_domain3.cif,2_Refolded,.cif,164393,07b328260f344fa72081e09acadbf37cf2797d2216b8ce244a9856261e85ad00
2_Refolded/Complexes/egfr-domain3-h370-r1-short_detarget_l48_b495b644c4981ad4_candidate10_HisTag.cif,2_Refolded,.cif,47151,c58b9c0244753e695e554940f194fc6e26b68b5bfe5dda4307b2c9ae26078909
2_Refolded/Complexes/egfr-domain3-h370-r1-short_detarget_l48_b495b644c4981ad4_candidate1_EGFR_domain3.cif,2_Refolded,.cif,164662,91ae655f9972c967017f52631c75e7656d50ee6ed7e90af680cf0414c4b3cdac
2_Refolded/Complexes/egfr-domain3-h370-r1-short_detarget_l48_b495b644c4981ad4_candidate1_HisTag.cif,2_Refolded,.cif,47622,386dde41358396a841fce9f9dcadf8720d43418f2ea738170886fcac7de5d59d
2_Refolded/Complexes/egfr-domain3-h370-r1-short_detarget_l48_b495b644c4981ad4_candidate2_EGFR_domain3.cif,2_Refolded,.cif,165112,fad5f8da497e1a7cef52e1757e4bc17d4623f5aa75feda9001c88f30bf55ca4d
2_Refolded/Complexes/egfr-domain3-h370-r1-short_detarget_l48_b495b644c4981ad4_candidate2_HisTag.cif,2_Refolded,.cif,48322,d11d03495bb2fefb1550d3690c54531a40d5ea2eafd2dea1d1bacd73d6882a24
2_Refolded/Complexes/egfr-domain3-h370-r1-short_detarget_l48_b495b644c4981ad4_candidate3_EGFR_domain3.cif,2_Refolded,.cif,164662,c619ef5a0c570dddc418a7b0854528fad0ed1ec6ef9bf7cf2ffc46cd8050dd7b
2_Refolded/Complexes/egfr-domain3-h370-r1-short_detarget_l48_b495b644c4981ad4_candidate3_HisTag.cif,2_Refolded,.cif,47427,bc01140dd628d1f795a406388f196df193afcbb895ba454a482c4478a3d5e47d
2_Refolded/Complexes/egfr-domain3-h370-r1-short_detarget_l48_b495b644c4981ad4_candidate4_EGFR_domain3.cif,2_Refolded,.cif,165202,9365e2129f41e3bc9d1fc2f054409f1ce4b78945f9529c5f820631b9ee4c9865
2_Refolded/Complexes/egfr-domain3-h370-r1-short_detarget_l48_b495b644c4981ad4_candidate4_HisTag.cif,2_Refolded,.cif,47731,383dfba600cdb389e0478ef2b6afbeb43770110aaefd8a730063e20079d3c49f
2_Refolded/Complexes/egfr-domain3-h370-r1-short_detarget_l48_b495b644c4981ad4_candidate5_EGFR_domain3.cif,2_Refolded,.cif,164752,7ef30964b4e2ff8c6559d966edb84da67b5e2864b061c476f73f8af1ccad6a76
2_Refolded/Complexes/egfr-domain3-h370-r1-short_detarget_l48_b495b644c4981ad4_candidate5_HisTag.cif,2_Refolded,.cif,47686,92d4bc312ff178f6fa4f55d0335c01516b5afc2fdbd1c6b857538f5a2eed7b17
2_Refolded/Complexes/egfr-domain3-h370-r1-short_detarget_l48_b495b644c4981ad4_candidate6_EGFR_domain3.cif,2_Refolded,.cif,164482,661ba3eae17fd76d40870ffd8ab1051b559e3f0e79dcd1edff5971db23b58fc3
2_Refolded/Complexes/egfr-domain3-h370-r1-short_detarget_l48_b495b644c4981ad4_candidate6_HisTag.cif,2_Refolded,.cif,47902,e54458327ee28ee311fdb52320a1c62d6766b3c0abf8ade55caee39da0edd017
2_Refolded/Complexes/egfr-domain3-h370-r1-short_detarget_l48_b495b644c4981ad4_candidate7_EGFR_domain3.cif,2_Refolded,.cif,164032,b7a8bd78432d8c81d0b203ae81f4fe79e416eed954ad7755d5d078c45a0dd30b
2_Refolded/Complexes/egfr-domain3-h370-r1-short_detarget_l48_b495b644c4981ad4_candidate7_HisTag.cif,2_Refolded,.cif,47127,8b586873f594ed0cba58aa1f89f19b98f5ad90c6439304b769de5407cd5492ac
2_Refolded/Complexes/egfr-domain3-h370-r1-short_detarget_l48_b495b644c4981ad4_candidate8_EGFR_domain3.cif,2_Refolded,.cif,164932,0432b1c9b27272fa524877833c34fcf7716bf7fa430aab81abb4cd59bd8ffbe0
2_Refolded/Complexes/egfr-domain3-h370-r1-short_detarget_l48_b495b644c4981ad4_candidate8_HisTag.cif,2_Refolded,.cif,48002,88903c505c7276653706c070060f4d50361b9cb26c400d29530905573d0a8c8a
2_Refolded/Complexes/egfr-domain3-h370-r1-short_detarget_l48_b495b644c4981ad4_candidate9_EGFR_domain3.cif,2_Refolded,.cif,164212,e622e24c21ca46c3388d756d34647ca662f1f7dca8ea1e933dd2eab3de3a1d96
2_Refolded/Complexes/egfr-domain3-h370-r1-short_detarget_l48_b495b644c4981ad4_candidate9_HisTag.cif,2_Refolded,.cif,46217,f490f060922b73df41a801eb31eaf748a693512494e737bd7b9030a10b1edbe4
campaign-report.json,other,.json,14956,c3c9ad97ce9b4ac63c3a6a45560cc443209e61474c71797a46b5b6660d92e914
campaign_metadata.json,other,.json,10153,8010f5bba29f9e3b359c4b775481d47c53b9dedb1d5626aa1777a655b6950206
compile_cache/NVIDIA_L4/compile_0b8cb7e9284cd703.lock,other,.lock,0,e3b0c44298fc1c149afbf4c8996fb92427ae41e4649b934ca495991b7852b855
compile_cache/NVIDIA_L4/compile_15e3f05dd2dead7d.lock,other,.lock,0,e3b0c44298fc1c149afbf4c8996fb92427ae41e4649b934ca495991b7852b855
compile_cache/NVIDIA_L4/compile_1780685a72141696.lock,other,.lock,0,e3b0c44298fc1c149afbf4c8996fb92427ae41e4649b934ca495991b7852b855
compile_cache/NVIDIA_L4/compile_45ccd5b87cf028c4.lock,other,.lock,0,e3b0c44298fc1c149afbf4c8996fb92427ae41e4649b934ca495991b7852b855
compile_cache/NVIDIA_L4/compile_5c9a4454d98bdb58.lock,other,.lock,0,e3b0c44298fc1c149afbf4c8996fb92427ae41e4649b934ca495991b7852b855
compile_cache/NVIDIA_L4/compile_6d3e76e2fece60e8.lock,other,.lock,0,e3b0c44298fc1c149afbf4c8996fb92427ae41e4649b934ca495991b7852b855
compile_cache/NVIDIA_L4/compile_6de97c152a4eba3a.lock,other,.lock,0,e3b0c44298fc1c149afbf4c8996fb92427ae41e4649b934ca495991b7852b855
compile_cache/NVIDIA_L4/compile_7366dc297e204ca1.lock,other,.lock,0,e3b0c44298fc1c149afbf4c8996fb92427ae41e4649b934ca495991b7852b855
compile_cache/NVIDIA_L4/compile_781db910d50b20bb.lock,other,.lock,0,e3b0c44298fc1c149afbf4c8996fb92427ae41e4649b934ca495991b7852b855
compile_cache/NVIDIA_L4/compile_7823e068a5e7294a.lock,other,.lock,0,e3b0c44298fc1c149afbf4c8996fb92427ae41e4649b934ca495991b7852b855
compile_cache/NVIDIA_L4/compile_7a0ebafbffb1e91f.lock,other,.lock,0,e3b0c44298fc1c149afbf4c8996fb92427ae41e4649b934ca495991b7852b855
compile_cache/NVIDIA_L4/compile_7a11b15aa5e8b3f8.lock,other,.lock,0,e3b0c44298fc1c149afbf4c8996fb92427ae41e4649b934ca495991b7852b855
compile_cache/NVIDIA_L4/compile_7d944762f3e69935.lock,other,.lock,0,e3b0c44298fc1c149afbf4c8996fb92427ae41e4649b934ca495991b7852b855
compile_cache/NVIDIA_L4/compile_82a24e2a274f6d60.lock,other,.lock,0,e3b0c44298fc1c149afbf4c8996fb92427ae41e4649b934ca495991b7852b855
compile_cache/NVIDIA_L4/compile_86ed7811648d2235.lock,other,.lock,0,e3b0c44298fc1c149afbf4c8996fb92427ae41e4649b934ca495991b7852b855
compile_cache/NVIDIA_L4/compile_a67dbddaead0e4ac.lock,other,.lock,0,e3b0c44298fc1c149afbf4c8996fb92427ae41e4649b934ca495991b7852b855
compile_cache/NVIDIA_L4/compile_a970e3406807600d.lock,other,.lock,0,e3b0c44298fc1c149afbf4c8996fb92427ae41e4649b934ca495991b7852b855
compile_cache/NVIDIA_L4/compile_c2e4a74d2eb3ee3c.lock,other,.lock,0,e3b0c44298fc1c149afbf4c8996fb92427ae41e4649b934ca495991b7852b855
compile_cache/NVIDIA_L4/compile_ca80403e506297d3.lock,other,.lock,0,e3b0c44298fc1c149afbf4c8996fb92427ae41e4649b934ca495991b7852b855
compile_cache/NVIDIA_L4/compile_e3ad1df9af089926.lock,other,.lock,0,e3b0c44298fc1c149afbf4c8996fb92427ae41e4649b934ca495991b7852b855
compile_cache/NVIDIA_L4/compile_e8925ee6eb72495b.lock,other,.lock,0,e3b0c44298fc1c149afbf4c8996fb92427ae41e4649b934ca495991b7852b855
compile_cache/NVIDIA_L4/jit_dot_product_attention_fwd-0963bd9785accf74f578bc4f96883a60715b17435819a350b700a3f91342f1df-cache,other,,24850,793c2253d55c06e6e5728dba8cc16a563c834abebb157eeda89c25c3bd52a586
compile_cache/NVIDIA_L4/jit_predict_complex_arrays-0aadcfe4cd60020d98bbcb488b3b391b1aafc67bbe01a867908621153d93c0ee-cache,other,,3670299,c7682dd8919a2f95ea003ba836ce46f7c88f2cfda8cc8fae18c409d0197f54a1
compile_cache/NVIDIA_L4/jit_predict_complex_arrays-27d10cf6fa3d4f9327aede56a86c4f9e55fd4b3549290ef666cf52a3e4223a9a-cache,other,,4679297,ef08076dd71caed83b73d61d0bcabb7cba54a483311cc7861ae2527563f4f48e
compile_cache/NVIDIA_L4/jit_predict_complex_arrays-e441f8792e07a7a140ca63eb236d8b64d2444b894e613ac4feb894b6db4afa75-cache,other,,2588082,36d2d34b860a873637a592efe2f134dcf9b5de2283c296dbea63df14ec1f3c6d
compile_cache/NVIDIA_L4/jit_predict_complex_arrays-fcdd56dfd3fa5cfc20bfa3b1c6c2ed768bef50e41cc0f404255e59edc7d5edb2-cache,other,,2311132,ca57a41e025be67fd0ea37aecc37b6c99c519597e069e6fb339c4ee79e5b37fd
compile_cache/NVIDIA_L4/jit_predict_mpnn_sequence-539512492d7d24a7a1626dc4ed2a4b60a09724d1966ac1afd99944670254ccfa-cache,other,,387913,476e44f2ef2374971e1f24b810a8cd08ce550c444be47f5766b833273779cf1a
compile_cache/NVIDIA_L4/jit_sequence_design_loss-4476afe5bef3e7207fac0eb845eb030a75392616d8bd72f986dae1baca3f77ea-cache,other,,4868032,9c2372de1ea5a8fbe7ee0989346fcf5c2658deb91f042b012ff3922a45569af2
compile_cache/NVIDIA_L4/jit_sequence_design_loss-a82087ef072297c09a87a17cd8751944e3426dc2d2e948f137a610a56c584b69-cache,other,,8642222,1528be73d9f88f7d6656c853502232b1c44999f7bc4d635dd261b68fa689b66f
compile_cache/NVIDIA_L4/jit_sequence_design_loss-d33b2c6e9bbdc65d85424611b468b0d632f87f58f5e0d560edce40ec3f557deb-cache,other,,4941093,4113f258e6c27144f86792f83a5bd08a73d414547950f90e6fef60bb01c77974
compile_cache/NVIDIA_L4/jit_sequence_design_loss-d79cc642c64326a543297a8585e270759faadac34afc1b656fa10534fef0f006-cache,other,,5065113,b6ba566f9160c4f9d09b58572ea14c4852c9172688fa3534fda69b62a6f587ca
compile_cache/NVIDIA_L4/jit_sequence_design_loss-e2b85df90917fb5d7cc55c4836c61c5b28f0843b080d05d1d4b561abf554d01b-cache,other,,5140858,6b4359bc610d068b95ec35fe6f751abfe2d8329e5c6f244ade4d27207fd359a6
summary.csv,other,.csv,15466,b2d6ee76176fbe2d0d6e7d99b61b09c0f97a07fbfe64f6c94092ecf7442c2dca
