design,bindcraft_accepted,bindcraft_decision_from,bindcraft_terminated_at,bindcraft_reason,in_1_trajectories,in_2_refolded,in_3_ranked,our_verdict,our_correct_pairs,our_reasons,trace_rounds,final_state,tables,metric_count
egfr-domain3-h370-r1-short_detarget_l32_9e1c275495126373,False,table column terminated,refine,stopped at the refine stage,False,False,False,not scored,,no complex structure was available to score,150,EGFR_domain3.iptm=0.21;EGFR_domain3.iptm_loss.EGFR_domain3=0.04;EGFR_domain3.plddt_loss=0.06;EGFR_domain3.target_plddt.EGFR_domain3=0.1;HisTag.iptm=;HisTag.plddt_loss=;HisTag.target_plddt.HisTag=;phase=refine;round=50,1_Trajectories/!_Trajectories.csv,50
egfr-domain3-h370-r1-short_detarget_l36_f69e1780445bdc40,False,table column terminated,anneal,"stopped at the anneal stage, while the design was still being relaxed into shape",False,False,False,not scored,,no complex structure was available to score,240,EGFR_domain3.iptm=;EGFR_domain3.iptm_loss.EGFR_domain3=;EGFR_domain3.plddt_loss=;EGFR_domain3.target_plddt.EGFR_domain3=;HisTag.iptm=0.01;HisTag.plddt_loss=0.02;HisTag.target_plddt.HisTag=0.54;phase=anneal;round=90,1_Trajectories/!_Trajectories.csv,50
egfr-domain3-h370-r1-short_detarget_l38_b07af46868aa55f7,False,table column terminated,anneal,"stopped at the anneal stage, while the design was still being relaxed into shape",False,False,False,not scored,,no complex structure was available to score,240,EGFR_domain3.iptm=;EGFR_domain3.iptm_loss.EGFR_domain3=;EGFR_domain3.plddt_loss=;EGFR_domain3.target_plddt.EGFR_domain3=;HisTag.iptm=0.01;HisTag.plddt_loss=0.01;HisTag.target_plddt.HisTag=0.55;phase=anneal;round=90,1_Trajectories/!_Trajectories.csv,50
egfr-domain3-h370-r1-short_detarget_l38_eb38ef4b3f33db61,False,table column terminated,screen,"stopped at the screen stage, the first and cheapest check, before any structure was written",False,False,False,not scored,,no complex structure was available to score,100,EGFR_domain3.iptm=0.16;EGFR_domain3.iptm_loss.EGFR_domain3=0.04;EGFR_domain3.plddt_loss=0.04;EGFR_domain3.target_plddt.EGFR_domain3=0.11;HisTag.iptm=;HisTag.plddt_loss=;HisTag.target_plddt.HisTag=;phase=screen;round=100,1_Trajectories/!_Trajectories.csv,50
egfr-domain3-h370-r1-short_detarget_l44_caf1da1213a96faa,False,table column terminated,anneal,"stopped at the anneal stage, while the design was still being relaxed into shape",False,False,False,not scored,,no complex structure was available to score,240,EGFR_domain3.iptm=;EGFR_domain3.iptm_loss.EGFR_domain3=;EGFR_domain3.plddt_loss=;EGFR_domain3.target_plddt.EGFR_domain3=;HisTag.iptm=0.02;HisTag.plddt_loss=0.02;HisTag.target_plddt.HisTag=0.52;phase=anneal;round=90,1_Trajectories/!_Trajectories.csv,50
egfr-domain3-h370-r1-short_detarget_l48_b495b644c4981ad4,False,presence of a structure in 3_Ranked/,,,False,False,False,not scored,,no complex structure was available to score,280,EGFR_domain3.iptm=0.74;EGFR_domain3.iptm_loss.EGFR_domain3=;EGFR_domain3.plddt_loss=;EGFR_domain3.target_plddt.EGFR_domain3=;HisTag.iptm=0.01;HisTag.plddt_loss=;HisTag.target_plddt.HisTag=;phase=mutate;round=30,1_Trajectories/!_Trajectories.csv,50
egfr-domain3-h370-r1-short_detarget_l48_b495b644c4981ad4_candidate1,False,table column outcome,,,False,False,False,not scored,,no complex structure was available to score,,,2_Refolded/!_Refolded.csv,49
egfr-domain3-h370-r1-short_detarget_l48_b495b644c4981ad4_candidate10,False,table column outcome,,,False,False,False,not scored,,no complex structure was available to score,,,2_Refolded/!_Refolded.csv,49
egfr-domain3-h370-r1-short_detarget_l48_b495b644c4981ad4_candidate10_EGFR_domain3,False,presence of a structure in 3_Ranked/,,,False,True,False,rejected,0,binder histidine faces target histidine H433,,,,0
egfr-domain3-h370-r1-short_detarget_l48_b495b644c4981ad4_candidate10_HisTag,False,presence of a structure in 3_Ranked/,,,False,True,False,not scored,,no complex structure was available to score,,,,0
egfr-domain3-h370-r1-short_detarget_l48_b495b644c4981ad4_candidate1_EGFR_domain3,False,presence of a structure in 3_Ranked/,,,False,True,False,rejected,2,contacts 442,,,,0
egfr-domain3-h370-r1-short_detarget_l48_b495b644c4981ad4_candidate1_HisTag,False,presence of a structure in 3_Ranked/,,,False,True,False,not scored,,no complex structure was available to score,,,,0
egfr-domain3-h370-r1-short_detarget_l48_b495b644c4981ad4_candidate2,False,table column outcome,,,False,False,False,not scored,,no complex structure was available to score,,,2_Refolded/!_Refolded.csv,49
egfr-domain3-h370-r1-short_detarget_l48_b495b644c4981ad4_candidate2_EGFR_domain3,False,presence of a structure in 3_Ranked/,,,False,True,False,below the pair target,1,,,,,0
egfr-domain3-h370-r1-short_detarget_l48_b495b644c4981ad4_candidate2_HisTag,False,presence of a structure in 3_Ranked/,,,False,True,False,not scored,,no complex structure was available to score,,,,0
egfr-domain3-h370-r1-short_detarget_l48_b495b644c4981ad4_candidate3,False,table column outcome,,,False,False,False,not scored,,no complex structure was available to score,,,2_Refolded/!_Refolded.csv,49
egfr-domain3-h370-r1-short_detarget_l48_b495b644c4981ad4_candidate3_EGFR_domain3,False,presence of a structure in 3_Ranked/,,,False,True,False,below the pair target,0,,,,,0
egfr-domain3-h370-r1-short_detarget_l48_b495b644c4981ad4_candidate3_HisTag,False,presence of a structure in 3_Ranked/,,,False,True,False,not scored,,no complex structure was available to score,,,,0
egfr-domain3-h370-r1-short_detarget_l48_b495b644c4981ad4_candidate4,False,table column outcome,,,False,False,False,not scored,,no complex structure was available to score,,,2_Refolded/!_Refolded.csv,49
egfr-domain3-h370-r1-short_detarget_l48_b495b644c4981ad4_candidate4_EGFR_domain3,False,presence of a structure in 3_Ranked/,,,False,True,False,below the pair target,0,,,,,0
egfr-domain3-h370-r1-short_detarget_l48_b495b644c4981ad4_candidate4_HisTag,False,presence of a structure in 3_Ranked/,,,False,True,False,not scored,,no complex structure was available to score,,,,0
egfr-domain3-h370-r1-short_detarget_l48_b495b644c4981ad4_candidate5,False,table column outcome,,,False,False,False,not scored,,no complex structure was available to score,,,2_Refolded/!_Refolded.csv,49
egfr-domain3-h370-r1-short_detarget_l48_b495b644c4981ad4_candidate5_EGFR_domain3,False,presence of a structure in 3_Ranked/,,,False,True,False,below the pair target,0,,,,,0
egfr-domain3-h370-r1-short_detarget_l48_b495b644c4981ad4_candidate5_HisTag,False,presence of a structure in 3_Ranked/,,,False,True,False,not scored,,no complex structure was available to score,,,,0
egfr-domain3-h370-r1-short_detarget_l48_b495b644c4981ad4_candidate6,False,table column outcome,,,False,False,False,not scored,,no complex structure was available to score,,,2_Refolded/!_Refolded.csv,49
egfr-domain3-h370-r1-short_detarget_l48_b495b644c4981ad4_candidate6_EGFR_domain3,False,presence of a structure in 3_Ranked/,,,False,True,False,below the pair target,0,,,,,0
egfr-domain3-h370-r1-short_detarget_l48_b495b644c4981ad4_candidate6_HisTag,False,presence of a structure in 3_Ranked/,,,False,True,False,not scored,,no complex structure was available to score,,,,0
egfr-domain3-h370-r1-short_detarget_l48_b495b644c4981ad4_candidate7,False,table column outcome,,,False,False,False,not scored,,no complex structure was available to score,,,2_Refolded/!_Refolded.csv,49
egfr-domain3-h370-r1-short_detarget_l48_b495b644c4981ad4_candidate7_EGFR_domain3,False,presence of a structure in 3_Ranked/,,,False,True,False,rejected,2,contacts 442,,,,0
egfr-domain3-h370-r1-short_detarget_l48_b495b644c4981ad4_candidate7_HisTag,False,presence of a structure in 3_Ranked/,,,False,True,False,not scored,,no complex structure was available to score,,,,0
egfr-domain3-h370-r1-short_detarget_l48_b495b644c4981ad4_candidate8,False,table column outcome,,,False,False,False,not scored,,no complex structure was available to score,,,2_Refolded/!_Refolded.csv,49
egfr-domain3-h370-r1-short_detarget_l48_b495b644c4981ad4_candidate8_EGFR_domain3,False,presence of a structure in 3_Ranked/,,,False,True,False,below the pair target,1,,,,,0
egfr-domain3-h370-r1-short_detarget_l48_b495b644c4981ad4_candidate8_HisTag,False,presence of a structure in 3_Ranked/,,,False,True,False,not scored,,no complex structure was available to score,,,,0
egfr-domain3-h370-r1-short_detarget_l48_b495b644c4981ad4_candidate9,False,table column outcome,,,False,False,False,not scored,,no complex structure was available to score,,,2_Refolded/!_Refolded.csv,49
egfr-domain3-h370-r1-short_detarget_l48_b495b644c4981ad4_candidate9_EGFR_domain3,False,presence of a structure in 3_Ranked/,,,False,True,False,rejected,0,binder histidine faces target histidine H433,,,,0
egfr-domain3-h370-r1-short_detarget_l48_b495b644c4981ad4_candidate9_HisTag,False,presence of a structure in 3_Ranked/,,,False,True,False,not scored,,no complex structure was available to score,,,,0
egfr-domain3-h370-r1-short_detarget_l54_431efedac9a0f2c0,False,table column terminated,harden,stopped at the harden stage,False,False,False,not scored,,no complex structure was available to score,250,EGFR_domain3.iptm=;EGFR_domain3.iptm_loss.EGFR_domain3=;EGFR_domain3.plddt_loss=;EGFR_domain3.target_plddt.EGFR_domain3=;HisTag.iptm=0.02;HisTag.plddt_loss=0.02;HisTag.target_plddt.HisTag=0.62;phase=harden;round=10,1_Trajectories/!_Trajectories.csv,50
egfr-domain3-h370-r1-short_detarget_l56_43567bfc1793b68d,False,table column terminated,final,stopped at the final check,False,False,False,not scored,,no complex structure was available to score,280,EGFR_domain3.iptm=0.75;EGFR_domain3.iptm_loss.EGFR_domain3=;EGFR_domain3.plddt_loss=;EGFR_domain3.target_plddt.EGFR_domain3=;HisTag.iptm=0.01;HisTag.plddt_loss=;HisTag.target_plddt.HisTag=;phase=mutate;round=30,1_Trajectories/!_Trajectories.csv,50
egfr-domain3-h370-r1-short_detarget_l57_0b53e72e622621d8,False,table column terminated,anneal,"stopped at the anneal stage, while the design was still being relaxed into shape",False,False,False,not scored,,no complex structure was available to score,240,EGFR_domain3.iptm=;EGFR_domain3.iptm_loss.EGFR_domain3=;EGFR_domain3.plddt_loss=;EGFR_domain3.target_plddt.EGFR_domain3=;HisTag.iptm=0.01;HisTag.plddt_loss=0.04;HisTag.target_plddt.HisTag=0.66;phase=anneal;round=90,1_Trajectories/!_Trajectories.csv,50
egfr-domain3-h370-r1-short_detarget_l60_076e72ac0632960e,False,table column terminated,harden,stopped at the harden stage,False,False,False,not scored,,no complex structure was available to score,250,EGFR_domain3.iptm=;EGFR_domain3.iptm_loss.EGFR_domain3=;EGFR_domain3.plddt_loss=;EGFR_domain3.target_plddt.EGFR_domain3=;HisTag.iptm=0.03;HisTag.plddt_loss=0.03;HisTag.target_plddt.HisTag=0.69;phase=harden;round=10,1_Trajectories/!_Trajectories.csv,50
